{"cameraMode":{"drawMode":0,"name":"Shaded","section":"Shading Mode"},"sceneLighting":false,"audioPlay":false,"sceneViewState":{"m_AlwaysRefresh":false,"showFog":true,"showSkybox":true,"showFlares":true,"showImageEffects":true,"showParticleSystems":true,"showVisualEffectGraphs":true,"m_FxEnabled":true},"in2DMode":false,"pivot":{"x":33.046417236328128,"y":28.420913696289064,"z":46.39840316772461},"rotation":{"x":0.06132841110229492,"y":0.7394039630889893,"z":-0.06813082098960877,"w":0.6668025851249695},"size":3.914321184158325,"orthographic":false}